{"cameraMode":{"drawMode":0,"name":"Shaded","section":"Shading Mode"},"sceneLighting":true,"audioPlay":false,"sceneViewState":{"m_AlwaysRefresh":false,"showFog":true,"showSkybox":true,"showFlares":true,"showImageEffects":true,"showParticleSystems":true,"showVisualEffectGraphs":true,"m_FxEnabled":false},"in2DMode":false,"pivot":{"x":-0.0463046133518219,"y":-0.037229642271995547,"z":0.16319048404693604},"rotation":{"x":-0.0951724648475647,"y":0.27891090512275698,"z":-0.027789585292339326,"w":-0.9551886320114136},"size":0.2948068082332611,"orthographic":false}